Title,Price,Reviews,Product Link
Labrada Lean Body Protein Shake 80 Gói,Liên hệ,Chưa có đánh giá,https://www.wheystore.vn/labrada-lean-body-protein-shake-80-goi-p90
Labrada Lean Body Protein Shake Gói Lẻ,Liên hệ,Chưa có đánh giá,https://www.wheystore.vn/labrada-lean-body-protein-shake-goi-le-p91
Applied Nutrition Critical Cookie,Liên hệ,Chưa có đánh giá,https://www.wheystore.vn/applied-nutrition-critical-cookie-p178
Applied Nutrition Critical Cookie 12 Bánh,Liên hệ,Chưa có đánh giá,https://www.wheystore.vn/applied-nutrition-critical-cookie-12-banh-p179
Beverly Yum Whey High Protein Wafer Bar 35g,Liên hệ,Chưa có đánh giá,https://www.wheystore.vn/beverly-yum-whey-high-protein-wafer-bar-35g-p285
Beverly Yum Whey High Protein Wafer Bar 24 Bánh,Liên hệ,Chưa có đánh giá,https://www.wheystore.vn/beverly-yum-whey-high-protein-wafer-bar-24-banh-p286
Ronnie Coleman Iso Tropic Max 5lbs,Liên hệ,Chưa có đánh giá,https://www.wheystore.vn/ronnie-coleman-iso-tropic-max-5lbs-p283
VX Iso Pro Hydrolyzed Whey Isolate 8lbs,Liên hệ,Chưa có đánh giá,https://www.wheystore.vn/vx-iso-pro-hydrolyzed-whey-isolate-8lbs-p25
ON Platinum Hydro Whey 3.5lbs,Liên hệ,Chưa có đánh giá,https://www.wheystore.vn/on-platinum-hydro-whey-3-5lbs-p8
Nutrabolics Hydropure 100% Hydrolyzed Whey Protein 4.5lbs,Liên hệ,Chưa có đánh giá,https://www.wheystore.vn/nutrabolics-hydropure-100-hydrolyzed-whey-protein-4-5lbs-p9
Rule1 Protein 10lbs,Liên hệ,Chưa có đánh giá,https://www.wheystore.vn/rule1-protein-10lbs-p15
Axe & Sledge Farm Fed 100% Whey Protein Isolate 918g,Liên hệ,Chưa có đánh giá,https://www.wheystore.vn/axe-sledge-farm-fed-100-whey-protein-isolate-918g-p289
VX Iso Pro Hydrolyzed Whey Isolate 5lbs,Liên hệ,Chưa có đánh giá,https://www.wheystore.vn/vx-iso-pro-hydrolyzed-whey-isolate-5lbs-p16
ON Gold Standard 100% Whey 5lbs,Liên hệ,Chưa có đánh giá,https://www.wheystore.vn/on-gold-standard-100-whey-5lbs-p1
Dymatize ISO 100 Hydrolyzed 5lbs,Liên hệ,Chưa có đánh giá,https://www.wheystore.vn/dymatize-iso-100-hydrolyzed-5lbs-p10
BPI ISO HD 100% Pure Isolate Protein 5lbs,Liên hệ,Chưa có đánh giá,https://www.wheystore.vn/bpi-iso-hd-100-pure-isolate-protein-5lbs-p13
Amix Gold Isolate Whey Protein 5lbs,Liên hệ,Chưa có đánh giá,https://www.wheystore.vn/amix-gold-isolate-whey-protein-5lbs-p7
Mutant Iso Surge 5lbs,Liên hệ,Chưa có đánh giá,https://www.wheystore.vn/mutant-iso-surge-5lbs-p3
Rule1 Protein 5lbs,Liên hệ,Chưa có đánh giá,https://www.wheystore.vn/rule1-protein-5lbs-p2
ON Gold Standard 100% Whey 2lbs,Liên hệ,Chưa có đánh giá,https://www.wheystore.vn/on-gold-standard-100-whey-2lbs-p5
